<?xml version="1.0" encoding="UTF-8"?>
<project-private xmlns="http://www.netbeans.org/ns/project-private/1">
    <editor-bookmarks xmlns="http://www.netbeans.org/ns/editor-bookmarks/2" lastBookmarkId="0"/>
    <open-files xmlns="http://www.netbeans.org/ns/projectui-open-files/2">
        <group>
            <file>file:/home/dimi7even/NetBeansProjects/php-osnove-vezba1/library/model-celebrities.php</file>
            <file>file:/home/dimi7even/NetBeansProjects/php-osnove-vezba1/templates/t-category.php</file>
            <file>file:/home/dimi7even/NetBeansProjects/php-osnove-vezba1/templates/t-index.php</file>
            <file>file:/home/dimi7even/NetBeansProjects/php-osnove-vezba1/index.php</file>
            <file>file:/home/dimi7even/NetBeansProjects/php-osnove-vezba1/templates/t-new-celeb.php</file>
            <file>file:/home/dimi7even/NetBeansProjects/php-osnove-vezba1/templates/layout/t-footer.php</file>
            <file>file:/home/dimi7even/NetBeansProjects/php-osnove-vezba1/library/model-categories.php</file>
            <file>file:/home/dimi7even/NetBeansProjects/php-osnove-vezba1/templates/t-celebrity.php</file>
        </group>
    </open-files>
</project-private>
